id,sentiment_manual
126415614616154112,positive
126404574230740992,positive
126402758403305472,positive
126397179614068736,positive
126395626979196928,positive
126394830791254016,positive
126379685453119488,positive
126377656416612352,positive
126373779483004928,positive
126366353757179904,positive
126366123368267776,positive
126365858481188864,positive
126360935509135360,positive
126360398885687296,positive
126358340220616704,positive
126357982685569024,positive
126352268705538048,positive
126350302113824768,positive
126349695676203008,positive
126342268603998208,positive
126325800080392192,positive
126324177501302784,positive
126323785145126912,positive
126322063332999168,positive
126319186141130752,positive
126318009647235072,positive
126315223060709376,positive
126315011600678912,positive
126314687116750848,positive
126312877916307456,positive
126311981564178432,positive
126307801046847488,positive
126302673820594176,positive
126301956951117824,positive
126287654093471744,positive
126284506360578048,positive
126263834968211456,positive
126256230397259776,positive
126213333123743744,positive
126195522691280896,positive
126183339945234432,positive
126180209501286400,positive
126164430546403328,positive
126148685737361408,positive
126140794078892032,positive
126134400466419712,positive
126130991365500928,positive
126116898051076096,positive
126116614495154176,positive
126112836219973632,positive
126107965991297024,positive
126104732426186752,positive
126097426493878272,positive
126095744531832832,positive
126084907343691776,positive
126079414986485760,positive
126076743613284352,positive
126076238375817216,positive
126075534894571520,positive
126064519943426048,positive
126063569660936192,positive
126063358037340160,positive
126059405941809152,positive
126059399319003136,positive
126057030996852736,positive
126049183865114624,positive
126040352237961216,positive
126040074595999744,positive
126034495991328768,positive
126026756623831040,positive
126019393460244480,positive
126015087386431488,positive
126009748020658176,positive
126008369562652672,positive
126002597063696384,positive
125999676972470272,positive
125995158679461888,positive
125978568726560768,positive
125974505385500672,positive
125960325437722624,positive
125959059957485568,positive
125947912306954240,positive
125947232359948288,positive
125943290288803840,positive
125940394566483968,positive
125925618486489088,positive
125924446430183424,positive
125922999651139584,positive
125909565031198720,positive
125902301931126784,positive
125901202591461376,positive
125900497327636480,positive
125898611572740096,positive
125850288488841216,positive
125840039031738368,positive
125794931439702016,positive
125728717942161408,positive
125727629012770816,positive
125722746100531200,positive
125717622728818688,positive
125714253452812288,positive
125713935344214016,positive
125712433087123456,positive
125708639607599104,positive
125706813583798272,positive
125701161926930432,positive
125699573799845888,positive
125688922410975232,positive
125681742760771584,positive
125680049478316032,positive
125677424565424128,positive
125673004511412224,positive
125667241978114048,positive
125664375364255744,positive
125662399217930240,positive
125652668080336896,positive
125648027045199872,positive
125645258003464192,positive
125643107260829696,positive
125633677597229056,positive
125633065757310976,positive
125628199269961728,positive
125623745284018176,positive
125618466353983488,positive
125610372727193600,positive
125608381431025664,positive
125596541028282368,positive
125585606100267008,positive
125562428200202240,positive
125561950376701952,positive
125550135911518208,positive
125547297072357376,positive
125539788546781184,positive
125537993942515712,positive
125537578974851072,positive
125524107386302464,positive
125523414298533888,positive
125501576952553472,positive
125501281753251840,positive
125495491701125120,positive
125459338524499968,positive
125455260801179648,positive
125423290767507456,positive
125416879035658240,positive
125407532893224960,positive
125402636764712960,positive
125402412147146752,positive
125393816470568960,positive
125356807626559488,positive
125343429289984000,positive
125338216411828224,positive
125333598197911552,positive
125330595302744064,positive
125319163366473728,positive
125313088160411648,positive
125309946723188736,positive
125281706327552000,positive
125279987254300672,positive
125264731035537408,positive
125256305647693824,positive
125252188065902592,positive
125243911538098176,positive
125238017299451904,positive
125165176772247552,positive
126418790706712576,negative
126417285559762944,negative
126416915664084992,negative
126416109212680192,negative
126411162622496768,negative
126410591949697024,negative
126409696553861120,negative
126408864387182592,negative
126408052525105152,negative
126407767132078080,negative
126405405667627008,negative
126405185630253056,negative
126405040809312256,negative
126400637930979328,negative
126394680903614464,negative
126393717421645824,negative
126393204550537216,negative
126392402083708928,negative
126391082308206592,negative
126389218284015616,negative
126388194194362368,negative
126388023725268992,negative
126385036441296896,negative
126382959711358976,negative
126382051661328384,negative
126381519513194496,negative
126380588822298624,negative
126380553464315904,negative
126377298650861568,negative
126375381249966080,negative
126372694118768640,negative
126372040696541184,negative
126363154837020672,negative
126361483432038400,negative
126358781633368064,negative
126358301393956864,negative
126358272084152320,negative
126357580741226496,negative
126357227727626240,negative
126354628999778304,negative
126351972948393984,negative
126348169826148352,negative
126344426854416384,negative
126343931117047808,negative
126343679785959424,negative
126343214805426176,negative
126334597431697408,negative
126331480233353216,negative
126331327271284736,negative
126327808803880960,negative
126325125749542912,negative
126324573384871936,negative
126324389741473792,negative
126324077513293824,negative
126321169468100608,negative
126320033369563136,negative
126310645443461120,negative
126309616391950336,negative
126307071984545792,negative
126302386644975616,negative
126299379832336384,negative
126297326565330944,negative
126292335540699136,negative
126286814578348032,negative
126283602571964416,negative
126281019476291584,negative
126280555980529664,negative
126279811151831040,negative
126258214412091392,negative
126257645282799616,negative
126251052667375616,negative
126247557339947008,negative
126243680129523712,negative
126240605419487232,negative
126238223537152000,negative
126221894126022656,negative
126189036644728832,negative
126188946974720000,negative
126188717902802944,negative
126188686453907456,negative
126182880123695104,negative
126167083334643712,negative
126163315499081728,negative
126163250172801024,negative
126158846375903232,negative
126155291288023040,negative
126153311521996800,negative
126148955217203200,negative
126148565302128640,negative
126143926523539456,negative
126141077131497472,negative
126132919117938688,negative
126131535211536384,negative
126129938247061504,negative
126129582326816768,negative
126128599030956032,negative
126127465155403776,negative
126126605344047104,negative
126121175926571008,negative
126118222746497024,negative
126106964420857856,negative
126099775417364480,negative
126096173198082048,negative
126094194312876032,negative
126089287660863488,negative
126088404084588544,negative
126085893353250816,negative
126084068298334208,negative
126082198720888832,negative
126082123743502336,negative
126079672386723840,negative
126075115686465536,negative
126073520504569856,negative
126072901144281088,negative
126069614181486592,negative
126068917012668416,negative
126063215842037760,negative
126054048972537856,negative
126053722966069248,negative
126050114518261760,negative
126044756320075776,negative
126044425964109824,negative
126037831301869568,negative
126036793970786304,negative
126034507475337216,negative
126031969166434304,negative
126030936084189184,negative
126029733325582336,negative
126021108641181696,negative
126018120983904256,negative
126016585348558848,negative
126014999444467712,negative
126014540721827840,negative
126012822936231936,negative
126008913400303616,negative
126006116168642560,negative
126003967552524288,negative
126001775626031104,negative
126001635162992640,negative
125999655011098624,negative
125996379913986048,negative
125995264325599232,negative
125994965183635456,negative
125994596336533504,negative
125989051101741056,negative
125987979784224768,negative
125987439692099584,negative
125982320917364736,negative
125980659415138304,negative
125978454146551808,negative
125976113657823232,negative
125974886006005760,negative
125974810021998592,negative
125974351035117568,negative
125973390283653120,negative
125969932285513728,negative
125966385259098112,negative
125965988146585600,negative
125965853769478144,negative
125964314220830720,negative
125963262733991936,negative
125961999791308800,negative
125961793926475776,negative
125960026891362304,negative
125958961269702656,negative
125958368773943296,negative
125956505768960000,negative
125956403574747136,negative
125956319344721920,negative
125954651152592896,negative
125953600861126656,negative
125950557310562304,negative
125945821240885248,negative
125943204943114240,negative
125937228328341504,negative
125930406125117440,negative
125929899071516672,negative
125929395264299008,negative
125920912171216896,negative
125876542600519680,negative
125863232249405440,negative
125846659182764032,negative
125845538926112768,negative
125836461936361472,negative
125826259048607744,negative
125824148579692544,negative
125822115155947520,negative
125819194049699840,negative
125815370513793024,negative
125807830363156480,negative
125806568389361664,negative
125806240138928128,negative
125799384976863232,negative
125794703819030528,negative
125731810733867008,negative
125729727653756928,negative
125722107710672896,negative
125717447276904448,negative
125717161531551744,negative
125713100782575616,negative
125712104253702144,negative
125711996074209280,negative
125710089716899840,negative
125708348237680640,negative
125706246056706048,negative
125701785540235264,negative
125691072398639104,negative
125689691927351296,negative
125681375058735104,negative
125681125376000000,negative
125679166015283200,negative
125665094561574912,negative
125664507757461504,negative
125663477573500928,negative
125661140939321344,negative
125659125886623744,negative
125657359841361920,negative
125656559190683648,negative
125654540455378944,negative
125651769261965312,negative
125649285667749888,negative
125645811903250432,negative
125643054190305280,negative
125642742977138688,negative
125641051531784192,negative
125639217090011136,negative
125633065878958080,negative
125631239364427776,negative
125626166492147712,negative
125621144148639744,negative
125607492356018176,negative
125603435440644096,negative
125601235985367040,negative
125599423131697152,negative
125598450090917888,negative
125588202286366720,negative
125586348064247808,negative
125583385895768064,negative
125561930416013312,negative
125556679571025920,negative
125544764203466752,negative
125533730222784512,negative
125521682894041088,negative
125510333078048768,negative
125475953509015552,negative
125471372485992448,negative
125464229577891840,negative
125458395800154112,negative
125442137302110208,negative
125441478951575552,negative
125408962215555072,negative
125408737296003072,negative
125408701166256128,negative
125407447383937024,negative
125406743923671040,negative
125405260650000384,negative
125405005493706752,negative
125404317669785600,negative
125400161886277632,negative
125399780527570944,negative
125394863255588864,negative
125394746452619264,negative
125394663573172224,negative
125371779039502336,negative
125369698840887296,negative
125365852487942144,negative
125365814579826688,negative
125365581170999296,negative
125355869859876864,negative
125355139409252352,negative
125347619072512000,negative
125346783390990336,negative
125341902739484672,negative
125341804857008128,negative
125338210158125056,negative
125336335656558592,negative
125334948017213440,negative
125334519254482944,negative
125333948556521472,negative
125330038248849408,negative
125329867674886144,negative
125327896066785280,negative
125313086465904640,negative
125311989751877632,negative
125309975881977856,negative
125309448108519424,negative
125309427422203904,negative
125307394640199680,negative
125305396842856448,negative
125303217214062592,negative
125302079752384512,negative
125301860256063488,negative
125301393560047616,negative
125301265700892672,negative
125277260872822784,negative
125276004817190912,negative
125271422431014912,negative
125269239207706624,negative
125269161327865856,negative
125267178336419840,negative
125265721281351680,negative
125261285083447296,negative
125247130762883072,negative
125245780192792576,negative
125245104859529216,negative
125236708403970048,negative
125236166151774208,negative
125232266849947648,negative
125230743990444032,negative
125230107580317696,negative
125227837438435328,negative
125224588253741056,negative
125223685194915840,negative
125204228967903232,negative
125202037293064192,negative
125129328446017536,negative
126417484017451008,neutral
126415742177513472,neutral
126415618625912832,neutral
126414657836687360,neutral
126410146703351808,neutral
126409984836763648,neutral
126407959495442432,neutral
126407672521162752,neutral
126407511531192320,neutral
126405911697817600,neutral
126405821482532864,neutral
126405160934178816,neutral
126403530838913024,neutral
126401882766839808,neutral
126400491067416576,neutral
126394795802370048,neutral
126393452324855808,neutral
126389413054910464,neutral
126387460463788032,neutral
126386085164101632,neutral
126384526925639680,neutral
126383125059211264,neutral
126381578975842304,neutral
126380323733909504,neutral
126379730827083776,neutral
126377120023842816,neutral
126375024595705856,neutral
126374630377275392,neutral
126370776013213696,neutral
126368680459251712,neutral
126368285259350016,neutral
126368127524159488,neutral
126364189097865216,neutral
126362867778859008,neutral
126360821419884544,neutral
126360182308618240,neutral
126358012343492608,neutral
126357527196741632,neutral
126353359962775552,neutral
126351669029126144,neutral
126348857071239168,neutral
126347890196103168,neutral
126346633721032704,neutral
126346584068861952,neutral
126343124174901248,neutral
126336867477094400,neutral
126336687382081536,neutral
126331354718801920,neutral
126330974270271488,neutral
126330155441467392,neutral
126329109759524864,neutral
126328424624160768,neutral
126326886354784256,neutral
126325069281624064,neutral
126324621279641600,neutral
126324256236765184,neutral
126323574989520896,neutral
126323533696614400,neutral
126321197062426624,neutral
126320247379730432,neutral
126320076063379456,neutral
126318553031917568,neutral
126316594971422720,neutral
126316179429134336,neutral
126315088641658880,neutral
126311681126187008,neutral
126311223343058944,neutral
126309939961536512,neutral
126308556294205440,neutral
126302918797312000,neutral
126302719882444800,neutral
126301989486342144,neutral
126301301511426048,neutral
126300596633481216,neutral
126300304600866816,neutral
126298592364331008,neutral
126294550535872512,neutral
126294304628019200,neutral
126293879166205952,neutral
126292279009882112,neutral
126292109727768576,neutral
126291860305100800,neutral
126290154737504256,neutral
126289716097196032,neutral
126283761754185728,neutral
126283639959990272,neutral
126283441657495552,neutral
126283440457912320,neutral
126283024278110208,neutral
126281432644595712,neutral
126280507729260544,neutral
126279672433614848,neutral
126277810431074304,neutral
126272713332506624,neutral
126267746739699712,neutral
126257394622808064,neutral
126243528832593920,neutral
126232037492404224,neutral
126225922159427584,neutral
126219340214304768,neutral
126218596786511872,neutral
126217194173501440,neutral
126213965817708544,neutral
126211975595311104,neutral
126209902241787904,neutral
126205800359280640,neutral
126201991125929984,neutral
126197405015220224,neutral
126186795808456704,neutral
126185114173583360,neutral
126177221571395584,neutral
126171911523794944,neutral
126165547154018304,neutral
126163403063570432,neutral
126157019072835584,neutral
126149567036137472,neutral
126148184358653952,neutral
126147867478982656,neutral
126146495396319232,neutral
126141631291326464,neutral
126141628372090880,neutral
126141580682854400,neutral
126141157146238976,neutral
126134865887363072,neutral
126130171404230656,neutral
126125830094061568,neutral
126125799744094208,neutral
126125182405447680,neutral
126124917992341504,neutral
126122372775415808,neutral
126118389591711744,neutral
126113944891949056,neutral
126110863550717952,neutral
126110770864979968,neutral
126110374549405696,neutral
126109969912311808,neutral
126107127231152128,neutral
126106914684796928,neutral
126105236229193728,neutral
126105175294357504,neutral
126104490511319040,neutral
126104322999197696,neutral
126104244402126848,neutral
126102037057388544,neutral
126098699196698624,neutral
126095965391298560,neutral
126094392183357440,neutral
126094029015355392,neutral
126094027140513792,neutral
126091878469869568,neutral
126089815136538624,neutral
126089347639427072,neutral
126087892580827136,neutral
126086553415057408,neutral
126081812236738560,neutral
126079649959772160,neutral
126078565346312192,neutral
126073142107045888,neutral
126072051118260224,neutral
126071173640499200,neutral
126068964685135872,neutral
126066994008162304,neutral
126066452787773440,neutral
126065983138955264,neutral
126065529684369408,neutral
126061182720278528,neutral
126057389333020672,neutral
126056940060155904,neutral
126055880394420224,neutral
126054998080622592,neutral
126054145617694720,neutral
126052649475915776,neutral
126051375422504960,neutral
126049560878526464,neutral
126044185815040000,neutral
126044055644807168,neutral
126042506717704192,neutral
126041773356232704,neutral
126041570876203008,neutral
126040050441011200,neutral
126031463647944704,neutral
126030091892432896,neutral
126022527578406912,neutral
126021436149211136,neutral
126019432194650112,neutral
126018538531061760,neutral
126017643747606528,neutral
126016494701256704,neutral
126016405085757440,neutral
126014643826208768,neutral
126014214467895296,neutral
126014102379302912,neutral
126013626426466304,neutral
126012833128390656,neutral
126012515019784192,neutral
126012034545496064,neutral
126012004312956928,neutral
126011120694726656,neutral
126010471202566144,neutral
126009386022879232,neutral
126008776322064384,neutral
126007705600135168,neutral
126006572420833280,neutral
126006349959135232,neutral
126004552557273088,neutral
126003746135224320,neutral
126003567315255296,neutral
126001989309054976,neutral
126001758853009408,neutral
126000843798491136,neutral
125999022908510208,neutral
125998732046123008,neutral
125996412252078080,neutral
125996330500890624,neutral
125994997609803776,neutral
125994518989385728,neutral
125993702782025728,neutral
125993105722839040,neutral
125992838910586880,neutral
125992594395250688,neutral
125991449455104000,neutral
125990236743405568,neutral
125990217801940992,neutral
125989605634879488,neutral
125989196132388864,neutral
125989009091592192,neutral
125988775548559360,neutral
125988651426512896,neutral
125984350989860864,neutral
125983179877253120,neutral
125980918220464128,neutral
125980676653723648,neutral
125980615664336896,neutral
125979228452818944,neutral
125978290367381504,neutral
125975779447291904,neutral
125974955983769600,neutral
125972882240188416,neutral
125969677997453312,neutral
125969128514260992,neutral
125967560171720704,neutral
125967126912712704,neutral
125965569659895808,neutral
125963773176582144,neutral
125962667541270528,neutral
125962608519036928,neutral
125961033348153344,neutral
125960438981734400,neutral
125958702455988224,neutral
125958525708021760,neutral
125958117086347264,neutral
125957972466737152,neutral
125957965109932032,neutral
125951303770845184,neutral
125950941349421056,neutral
125950505389273088,neutral
125950026181648384,neutral
125949784677810176,neutral
125948450620702720,neutral
125944856504827904,neutral
125944293671182336,neutral
125943115449253888,neutral
125943078837161984,neutral
125943020767019008,neutral
125940398915977216,neutral
125940300987371520,neutral
125939862078619648,neutral
125939833775460352,neutral
125938918540574720,neutral
125938325151432704,neutral
125936985796919296,neutral
125936323273048064,neutral
125935636300570624,neutral
125935627056324608,neutral
125935503752171520,neutral
125935314878476288,neutral
125933630613766144,neutral
125932876721168384,neutral
125930342891790336,neutral
125930143066759168,neutral
125930002607906816,neutral
125927540249473024,neutral
125927536847880192,neutral
125927533614084096,neutral
125927530761953280,neutral
125927399010467840,neutral
125927174514540544,neutral
125927032185044992,neutral
125926624930693120,neutral
125922989844856832,neutral
125922500839342080,neutral
125922174648324096,neutral
125921393350160384,neutral
125920729194704896,neutral
125920725595983872,neutral
125920721200361472,neutral
125920717966544896,neutral
125920716297211904,neutral
125919221845721088,neutral
125918906215968768,neutral
125918450920062976,neutral
125918447979872256,neutral
125918444762828800,neutral
125918441013133312,neutral
125917264267579392,neutral
125917174618525696,neutral
125917170571026432,neutral
125917164535418880,neutral
125917160982855680,neutral
125915210337890304,neutral
125908946702696448,neutral
125907633466130432,neutral
125892140940267520,neutral
125891898517889024,neutral
125887065861787648,neutral
125882473312817152,neutral
125878880916611072,neutral
125866627337162752,neutral
125866368758333440,neutral
125859792802693120,neutral
125859488728236032,neutral
125854430171111424,neutral
125840474132066304,neutral
125830917578162176,neutral
125829040740368384,neutral
125828984293425152,neutral
125826820057731072,neutral
125824709421039616,neutral
125823389804929024,neutral
125821979797364736,neutral
125821218258550784,neutral
125817967240949760,neutral
125815990620659712,neutral
125811943054393344,neutral
125807897568481280,neutral
125804983185719296,neutral
125803571601080320,neutral
125803457155301376,neutral
125801811817922560,neutral
125793487479259136,neutral
125792596114161664,neutral
125792107930714112,neutral
125727869363163136,neutral
125727349034598400,neutral
125727044263874560,neutral
125726769297891328,neutral
125725274317914112,neutral
125721197437648896,neutral
125708425752612864,neutral
125703536632807424,neutral
125698733768843264,neutral
125695449423286272,neutral
125695107734319104,neutral
125694587313467392,neutral
125692890474233856,neutral
125692845054115840,neutral
125691975474229248,neutral
125690764331196416,neutral
125689905954299904,neutral
125687710705926144,neutral
125686643960193024,neutral
125685016389894144,neutral
125679996420374528,neutral
125677838295764992,neutral
125674121722998784,neutral
125669834922008576,neutral
125667332931596288,neutral
125666909080387584,neutral
125665930339565568,neutral
125664999036301312,neutral
125664891691474944,neutral
125663967296229376,neutral
125661036891226112,neutral
125660067482697728,neutral
125657950185463808,neutral
125647236418912256,neutral
125645376790331392,neutral
125642256114909184,neutral
125642161659199488,neutral
125642041140060160,neutral
125640758966484992,neutral
125640679325052928,neutral
125640515021578240,neutral
125638955952640000,neutral
125633549847117824,neutral
125633468708302848,neutral
125633233982459904,neutral
125632582795804672,neutral
125631556051140608,neutral
125630955154190336,neutral
125630836245676032,neutral
125630016485732352,neutral
125629788563050496,neutral
125627732032888832,neutral
125626286939979776,neutral
125625630254567424,neutral
125625566203346944,neutral
125620113582993408,neutral
125617451705712640,neutral
125617133123153920,neutral
125616747863736320,neutral
125614951787266048,neutral
125614910804738048,neutral
125598495137726464,neutral
125596991290998784,neutral
125595669145722880,neutral
125595441562783744,neutral
125591434056318976,neutral
125589884445536256,neutral
125589258898644992,neutral
125588749454278656,neutral
125588587180863488,neutral
125587186723725312,neutral
125586682790674432,neutral
125583717354831872,neutral
125581507355086848,neutral
125581280430669824,neutral
125564573167263744,neutral
125546017205665792,neutral
125545914864640000,neutral
125544363945230336,neutral
125541112491425792,neutral
125537487455137792,neutral
125528344480587776,neutral
125527718203887616,neutral
125512197135806464,neutral
125498684401135616,neutral
125496516000485376,neutral
125493419522002944,neutral
125493125098635264,neutral
125489264157917184,neutral
125486845768368128,neutral
125460019859820544,neutral
125457535951060992,neutral
125448837404954624,neutral
125433354488254464,neutral
125432626482917376,neutral
125432518324400128,neutral
125425087800291328,neutral
125424738662223872,neutral
125419216227667968,neutral
125417324621737984,neutral
125416866243018752,neutral
125416811490578432,neutral
125410153196560384,neutral
125409201907437568,neutral
125406528487424000,neutral
125406003863883776,neutral
125405939015757824,neutral
125402652610797568,neutral
125398913313284096,neutral
125398813543374848,neutral
125394805449699328,neutral
125379023307153408,neutral
125373658389692416,neutral
125373427661029376,neutral
125372628746768384,neutral
125369026351349760,neutral
125368381728763904,neutral
125367492976717824,neutral
125366519680086016,neutral
125364154629492736,neutral
125361209137565696,neutral
125360952878182400,neutral
125360877359742976,neutral
125359697770450944,neutral
125359622193295360,neutral
125357901580746752,neutral
125351067620880384,neutral
125350537821569024,neutral
125347828754169856,neutral
125345723020607488,neutral
125344722196766720,neutral
125344351218974720,neutral
125336929825849344,neutral
125336798690942976,neutral
125335012961828864,neutral
125332871174037504,neutral
125332609428496384,neutral
125327281181835264,neutral
125326760769372160,neutral
125325397712846848,neutral
125324916009615360,neutral
125321084525490176,neutral
125318029390249984,neutral
125317541504626688,neutral
125317300860620800,neutral
125315460030922752,neutral
125315263183851520,neutral
125315080081518592,neutral
125312357797863424,neutral
125309663913840640,neutral
125305567148388352,neutral
125300705836793856,neutral
125300603059576832,neutral
125283873331494912,neutral
125281502866059264,neutral
125278676949544960,neutral
125276525472911360,neutral
125275795252977664,neutral
125275280678993920,neutral
125273317673414656,neutral
125270965268643840,neutral
125267017942052864,neutral
125266503657472000,neutral
125261029834899456,neutral
125260105154437120,neutral
125257803790159872,neutral
125252442836320256,neutral
125250721280040960,neutral
125250617911418880,neutral
125250078108684288,neutral
125246898830458880,neutral
125245892814045184,neutral
125244798671142912,neutral
125231250247135232,neutral
125222749034659840,neutral
125218106778992640,neutral
125211793655218176,neutral
125196751387889664,neutral
125193298624258048,neutral
125184976579862528,neutral
125085987431923712,neutral
126534770095169536,positive
126534201880219648,positive
126534020367519744,positive
126533948925952000,positive
126533885109600256,positive
126533562781544448,positive
126533349727666176,positive
126533268119109632,positive
126533166352699392,positive
126532897715929088,positive
126531552367751168,positive
126531180907601920,positive
126530945976238080,positive
126530924576907264,positive
126530807891374080,positive
126530189579649024,positive
126530027939569664,positive
126529770778411008,positive
126528982807089152,positive
126528978239496192,positive
126528804192653312,positive
126528264117293056,positive
126526219587039232,positive
126525469897146368,positive
126525368860540928,positive
126525172969766912,positive
126524301259194368,positive
126523731710443520,positive
126523530903953408,positive
126523525598162944,positive
126522990585315328,positive
126522810821644288,positive
126522714713370624,positive
126522621251682304,positive
126522262768726016,positive
126521286053724160,positive
126520029410885632,positive
126519483752914944,positive
126519329025040384,positive
126519123772588032,positive
126519017405030400,positive
126518882939838464,positive
126516914678808576,positive
126516779886456832,positive
126516304336257024,positive
126515760855134208,positive
126514474378203136,positive
126513620686352384,positive
126513526385819648,positive
126513425043030016,positive
126512728297844736,positive
126512631937904640,positive
126512208451600384,positive
126511545160171520,positive
126511426926944256,positive
126511000907288576,positive
126510977335300096,positive
126510551789604864,positive
126509929619132416,positive
126509528287166464,positive
126508393203642368,positive
126507456019968000,positive
126506850781888512,positive
126506410195431424,positive
126506064387637248,positive
126505384428052480,positive
126505187752943616,positive
126505144878772224,positive
126504782465732608,positive
126504452680187904,positive
126504346639802368,positive
126504216004005888,positive
126504013939216384,positive
126503946092158976,positive
126503805369069568,positive
126503790412181504,positive
126503029548654592,positive
126502415322193920,positive
126502014560649216,positive
126501732443361280,positive
126501468902658048,positive
126500614552289280,positive
126499965869625344,positive
126499581520384000,positive
126499428965158912,positive
126499145014980608,positive
126499143282737152,positive
126498734409396224,positive
126498608815149056,positive
126498587499696128,positive
126497976314109952,positive
126497860752646144,positive
126497655785402368,positive
126496772586610688,positive
126496739531304960,positive
126496342901133312,positive
126496262668292096,positive
126496155856142336,positive
126496005809127424,positive
126495843116265472,positive
126495812724338688,positive
126495283176685568,positive
126494976396898304,positive
126494883367235584,positive
126494838689513472,positive
126494645281755136,positive
126494573966016512,positive
126494442290020352,positive
126494344566943744,positive
126494339248562176,positive
126494280318582784,positive
126494221879357440,positive
126494100252925952,positive
126494070385283072,positive
126493889761787904,positive
126493850914131968,positive
126493722916560896,positive
126493648757071872,positive
126493639605092352,positive
126493624270725120,positive
126493538945994752,positive
126493495933403136,positive
126493472931844096,positive
126493405760069632,positive
126493371790397440,positive
126493365775777792,positive
126493265661919232,positive
126493192110612480,positive
126493141271449600,positive
126493101807239168,positive
126493037110099968,positive
126493034014720000,positive
126492983968268288,positive
126492981460082688,positive
126492970793971712,positive
126492852615262208,positive
126492838870515712,positive
126492656124702720,positive
126492628152889344,positive
126492595500236800,positive
126492495394775040,positive
126492415749128192,positive
126492266016673792,positive
126492259993657344,positive
126492242373386240,positive
126492101549621248,positive
126492040954527744,positive
126492009748889600,positive
126491707247300608,positive
126491689396338688,positive
126491556831182848,positive
126491420260442112,positive
126491304036278272,positive
126491109982613504,positive
126491084854530048,positive
126491009558392832,positive
126490970803027968,positive
126490696214511616,positive
126490548306579456,positive
126490282878443520,positive
126490137944268800,positive
126489924596793344,positive
126489848004608000,positive
126489841096597504,positive
126489713782685696,positive
126489671730597888,positive
126489424807735296,positive
126489397507014656,positive
126489393526616064,positive
126489263025033216,positive
126489200567664640,positive
126489182263721984,positive
126489085102661632,positive
126489066077302784,positive
126488933772169216,positive
126488863374983168,positive
126488589046517760,positive
126488572772622336,positive
126488519265894400,positive
126488454921068544,positive
126488447098695680,positive
126488384410619904,positive
126488304341360640,positive
126488294325370880,positive
126488249739915264,positive
126488202935664640,positive
126488018616987648,positive
126487844830191616,positive
126487523366150144,positive
126487508589621248,positive
126487332865056768,positive
126487172487462912,positive
126487153655029760,positive
126487090723700736,positive
126487082905518080,positive
126486849706401792,positive
126486332104130560,positive
126486322675318784,positive
126485171280166912,positive
126484977176158208,positive
126484769285480448,positive
126484631389356032,positive
126534476875567104,negative
126533446293127168,negative
126532210210783232,negative
126527166195314688,negative
126526648928579584,negative
126520550876127232,negative
126520337289580544,negative
126518920122335232,negative
126517970179600384,negative
126517608697708544,negative
126516572343910400,negative
126516408317251584,negative
126515822750478336,negative
126515697181409280,negative
126514511862706176,negative
126507644742672384,negative
126506609823334400,negative
126505594290057216,negative
126503098071007232,negative
126502732369629184,negative
126502274204831744,negative
126501869920075776,negative
126499555742203904,negative
126497996350304256,negative
126497929593761792,negative
126497514168922112,negative
126497333209858048,negative
126496987192373248,negative
126495219058348032,negative
126494895501348864,negative
126494402381225984,negative
126494319749238784,negative
126494303173361664,negative
126494261922381824,negative
126493910037037056,negative
126493616519647232,negative
126493030185316352,negative
126492741764005888,negative
126492244151771136,negative
126491870900666368,negative
126491825660887040,negative
126491776482689024,negative
126491509527805952,negative
126491502493962240,negative
126491480087986176,negative
126490767345725440,negative
126490750958567424,negative
126490477288636416,negative
126489936944832512,negative
126488700975726592,negative
126487669533442048,negative
126487604035198976,negative
126487206570373120,negative
126487152338026496,negative
126486838549557248,negative
126486654830645248,negative
126486634458914816,negative
126535080557551616,neutral
126535043588964352,neutral
126535016049160192,neutral
126534917290070016,neutral
126534362148782080,neutral
126534144170790912,neutral
126534083797987328,neutral
126534080627093504,neutral
126533944832311296,neutral
126533740628422656,neutral
126533730671149056,neutral
126533567311392768,neutral
126533547803680768,neutral
126533491495157760,neutral
126533487590248448,neutral
126533485837037568,neutral
126532820507176960,neutral
126532798994583552,neutral
126532569259970560,neutral
126532361587396608,neutral
126532316859338752,neutral
126532178082410496,neutral
126532141302558720,neutral
126532121773883392,neutral
126532064823619584,neutral
126532054136524800,neutral
126532019999096832,neutral
126531893649874944,neutral
126531814071336960,neutral
126531693522857984,neutral
126531628087513088,neutral
126531561691693056,neutral
126531560194326528,neutral
126531556255870976,neutral
126531542733430784,neutral
126531524945395712,neutral
126531522487533568,neutral
126531297249202176,neutral
126531285475799040,neutral
126531278517448704,neutral
126530795987939328,neutral
126530766829129728,neutral
126530553477468160,neutral
126530551384506368,neutral
126530550394650624,neutral
126530532640169984,neutral
126530487840813056,neutral
126530423026233344,neutral
126529904731881472,neutral
126529833487446016,neutral
126529492582797312,neutral
126529490737303552,neutral
126529470814363648,neutral
126529468981452800,neutral
126529403067969536,neutral
126529224642281472,neutral
126529168715431936,neutral
126529111819681792,neutral
126529099018674176,neutral
126529019284946944,neutral
126528767228248064,neutral
126528551766867968,neutral
126528448050118656,neutral
126528318542589952,neutral
126528307004051456,neutral
126528290352660480,neutral
126528288729473024,neutral
126528287831891968,neutral
126528286871396352,neutral
126528248329940992,neutral
126528157573578752,neutral
126527897065373696,neutral
126527760662413312,neutral
126527757151776768,neutral
126527756036091904,neutral
126527743528673280,neutral
126527523529043968,neutral
126527262190346240,neutral
126527122218041344,neutral
126527077905207296,neutral
126526945008689152,neutral
126526850452299776,neutral
126526838251065344,neutral
126526793380409344,neutral
126526782001262592,neutral
126526594973052928,neutral
126526457974489088,neutral
126526371785752576,neutral
126525872915226624,neutral
126525730526998528,neutral
126525539442892800,neutral
126525506018492416,neutral
126525491954987008,neutral
126525475723022336,neutral
126525465715425280,neutral
126525210483638272,neutral
126525169756946432,neutral
126525031135195136,neutral
126525007525462016,neutral
126524889296412672,neutral
126524784120037376,neutral
126524764071264256,neutral
126524648874717184,neutral
126524290945384448,neutral
126524242635403264,neutral
126524229997953024,neutral
126524074179567616,neutral
126524003266473984,neutral
126523791735144448,neutral
126523776195231744,neutral
126523549493112832,neutral
126523519357030400,neutral
126523435772948480,neutral
126523421231300608,neutral
126523245649342464,neutral
126522997522702336,neutral
126522979080339456,neutral
126522978971299840,neutral
126522853779705856,neutral
126522802466598912,neutral
126522667703599104,neutral
126522664939565056,neutral
126522423771267072,neutral
126522225674301440,neutral
126521973672120320,neutral
126521718272573440,neutral
126521582809128960,neutral
126521573330010112,neutral
126521564979150848,neutral
126521489116766208,neutral
126521384657616896,neutral
126521228524658688,neutral
126521130197585920,neutral
126521102783619072,neutral
126520984122572800,neutral
126520920352358400,neutral
126520914413236224,neutral
126520707969581056,neutral
126520695218913280,neutral
126520611190218752,neutral
126520531934654464,neutral
126520511483219968,neutral
126520508903718912,neutral
126520504822661120,neutral
126520501442056192,neutral
126520500246687744,neutral
126520116795015168,neutral
126520107089395712,neutral
126520074717765632,neutral
126520020871294976,neutral
126519912821825536,neutral
126519469500669952,neutral
126519331956862976,neutral
126519306832982016,neutral
126519290722648064,neutral
126519251631747072,neutral
126519229515169792,neutral
126519227006988288,neutral
126519072195223552,neutral
126519044798029824,neutral
126519034488426496,neutral
126519019699314688,neutral
126518955526455296,neutral
126518773401391104,neutral
126518709358575616,neutral
126518669554626560,neutral
126518471893848064,neutral
126518469507289088,neutral
126518466315431936,neutral
126518461055774720,neutral
126518313160409088,neutral
126518252355584000,neutral
126518222487961600,neutral
126518218343972864,neutral
126518146063532032,neutral
126518121946292224,neutral
126518025863168000,neutral
126517966589267968,neutral
126517947329036288,neutral
126517930027515904,neutral
126517793792344064,neutral
126517583347326976,neutral
126517558152134656,neutral
126517526363504640,neutral
126517510915899392,neutral
126517487503294464,neutral
126517179272278016,neutral
126517076889321472,neutral
126516982936895488,neutral
126516936862474240,neutral
126516898845310976,neutral
126516776652640256,neutral
126516749242871808,neutral
126516744742387712,neutral
126516481679818752,neutral
126516342319890432,neutral
126516212749443072,neutral
126516054452211712,neutral
126515992737218560,neutral
126515637978796032,neutral
126515624984846336,neutral
126515576507084800,neutral
126515415592607744,neutral
126515341567344640,neutral
126515215255871488,neutral
126515104723374080,neutral
126514999375048704,neutral
126514945373376512,neutral
126514719828885504,neutral
126514719770161152,neutral
126514718188900352,neutral
126514697875894272,neutral
126514441314500608,neutral
126514438680489984,neutral
126514435949993984,neutral
126513983338450944,neutral
126513869467299840,neutral
126513499890397184,neutral
126513430508212224,neutral
126513429103128576,neutral
126513426968215552,neutral
126513317320736768,neutral
126513312857985024,neutral
126513307589935104,neutral
126513117944496128,neutral
126513115830554624,neutral
126513110264717312,neutral
126512932933734400,neutral
126512842194161664,neutral
126512471845515264,neutral
126512460629946368,neutral
126512277720535040,neutral
126512269847826432,neutral
126512265036959744,neutral
126512261543116800,neutral
126512199857475584,neutral
126512130752126976,neutral
126511907569020928,neutral
126511799947366400,neutral
126511624256372736,neutral
126511578777526272,neutral
126511507088478208,neutral
126511425760935936,neutral
126511400825790464,neutral
126511380365983744,neutral
126511358861778944,neutral
126511243371610112,neutral
126510976358035456,neutral
126510915771301888,neutral
126510815246422016,neutral
126510801803673600,neutral
126510781801046016,neutral
126510731549085696,neutral
126510402359140352,neutral
126510393114898432,neutral
126510377558216704,neutral
126510284536942592,neutral
126510143541231616,neutral
126510049039368192,neutral
126509936518762496,neutral
126509922505596928,neutral
126509783665745920,neutral
126509619819462656,neutral
126509495907135488,neutral
126509474935611392,neutral
126509381327134720,neutral
126509283260108800,neutral
126509226720903168,neutral
126509135842914304,neutral
126508885992415232,neutral
126508842367463424,neutral
126508789254979584,neutral
126508753997668352,neutral
126508642060083200,neutral
126508398522019840,neutral
126508044187217920,neutral
126508037400825856,neutral
126508035416928256,neutral
126507982543532032,neutral
126507925337411584,neutral
126507911844339712,neutral
126507657472393216,neutral
126507418539671552,neutral
126506926069645312,neutral
126506902145347584,neutral
126506895124086784,neutral
126506846499520512,neutral
126506795958153216,neutral
126506701259157504,neutral
126506651271430144,neutral
126506310228377600,neutral
126506306201858048,neutral
126506273662447616,neutral
126506272152502272,neutral
126506232432439296,neutral
126505781553147904,neutral
126505768299147264,neutral
126505670446022656,neutral
126505612690456576,neutral
126505607116238848,neutral
126505469601775616,neutral
126505424823402496,neutral
126505412068511744,neutral
126505392191705088,neutral
126505364307984384,neutral
126505359161573376,neutral
126505133587709952,neutral
126505125853401088,neutral
126505094664568832,neutral
126505086041067520,neutral
126504998799552512,neutral
126504923687960576,neutral
126504910844989440,neutral
126504893354741760,neutral
126504842469457920,neutral
126504774047772672,neutral
126504709036056576,neutral
126504479595044864,neutral
126504427275300864,neutral
126504377862205440,neutral
126504319859175424,neutral
126504126665334784,neutral
126504115508494336,neutral
126504077831045120,neutral
126503993768804352,neutral
126503947560165376,neutral
126503706760974336,neutral
126503703514578944,neutral
126503693355982848,neutral
126503688595447808,neutral
126503683142852608,neutral
126503627706732544,neutral
126503364103118848,neutral
126503349657935872,neutral
126503348613558272,neutral
126503090487705600,neutral
126503088461848576,neutral
126502770130960384,neutral
126502761608122368,neutral
126502730264088576,neutral
126502630578069504,neutral
126502626085969920,neutral
126502616128684032,neutral
126502614086070272,neutral
126502326356815872,neutral
126502296916987904,neutral
126502291799945216,neutral
126502250041454592,neutral
126502128737976320,neutral
126502101944778752,neutral
126502100308996096,neutral
126501988132327424,neutral
126501882331017216,neutral
126501647378690048,neutral
126501582274707456,neutral
126501535160074240,neutral
126501463752060928,neutral
126501463726899200,neutral
126501463672369152,neutral
126501463663976448,neutral
126501463659790336,neutral
126501463626223616,neutral
126501463554924544,neutral
126501463529754624,neutral
126501463487815680,neutral
126501428897382400,neutral
126501392163684352,neutral
126501360089825280,neutral
126501176559677440,neutral
126501155999203328,neutral
126500867280093184,neutral
126500856026771456,neutral
126500659833995264,neutral
126500532478148608,neutral
126500276994711552,neutral
126500259974234112,neutral
126500105762250752,neutral
126499963176886272,neutral
126499722805522432,neutral
126499712164560896,neutral
126499577443532800,neutral
126499521822867456,neutral
126499346022805504,neutral
126499314393546752,neutral
126499307284217856,neutral
126499293895987200,neutral
126499217807122432,neutral
126498840831475712,neutral
126498825992019968,neutral
126498759143211008,neutral
126498660811935744,neutral
126498593770184704,neutral
126498481534808064,neutral
126498259228303360,neutral
126498101124005888,neutral
126497969972330496,neutral
126497822009860096,neutral
126497642493648896,neutral
126497423815213056,neutral
126497346870718464,neutral
126497339933327360,neutral
126497339073495040,neutral
126497335831306240,neutral
126497288301457408,neutral
126497256382803968,neutral
126497160345829376,neutral
126497100866387968,neutral
126497008197435392,neutral
126496951746301952,neutral
126496930204352512,neutral
126496891797118976,neutral
126496853742198784,neutral
126496835933179904,neutral
126496835920609280,neutral
126496802634612736,neutral
126496726143086592,neutral
126496688163655680,neutral
126496634120056832,neutral
126496571541045248,neutral
126496553811709952,neutral
126496553748803584,neutral
126496493648609280,neutral
126496395132796928,neutral
126496303738912768,neutral
126496230984519680,neutral
126496228572790784,neutral
126496131554344960,neutral
126496131545960448,neutral
126496131529183232,neutral
126496131441102848,neutral
126496131411742720,neutral
126496131382382592,neutral
126496131378188288,neutral
126496131374006272,neutral
126496131353018368,neutral
126496068467822592,neutral
126495741014315008,neutral
126495706356789248,neutral
126495690636529664,neutral
126495653747634176,neutral
126495340026273792,neutral
126495319792959488,neutral
126495268538560512,neutral
126495169536208896,neutral
126495125303083008,neutral
126495072102522880,neutral
126495001868906496,neutral
126494909548077056,neutral
126494729474015232,neutral
126494691016441856,neutral
126494645403398144,neutral
126494532857643008,neutral
126494358508806144,neutral
126494314057568256,neutral
126494270650724352,neutral
126494239143116800,neutral
126494171065364480,neutral
126494094276042752,neutral
126493962499391488,neutral
126493954429550592,neutral
126493895625424896,neutral
126493811638677504,neutral
126493785533321216,neutral
126493567182061568,neutral
126493558365630464,neutral
126493553055633408,neutral
126493550618742784,neutral
126493370028797952,neutral
126493352370765824,neutral
126493335518068736,neutral
126493327540502528,neutral
126493322268250112,neutral
126493312650719232,neutral
126493280832724992,neutral
126493225811841024,neutral
126493189254291456,neutral
126493174477758464,neutral
126493155855052800,neutral
126493015907897344,neutral
126492985834733568,neutral
126492945057718272,neutral
126492886517809152,neutral
126492864174755840,neutral
126492839998783488,neutral
126492795027456000,neutral
126492775930798080,neutral
126492775842713600,neutral
126492759262633984,neutral
126492737766834176,neutral
126492735598366720,neutral
126492726601584640,neutral
126492719987179520,neutral
126492692984238080,neutral
126492604799004672,neutral
126492471759867904,neutral
126492440914956288,neutral
126492364138221568,neutral
126492325219278848,neutral
126492310866362368,neutral
126492274766004224,neutral
126492105026703360,neutral
126492088270454784,neutral
126492059308785664,neutral
126491876860755968,neutral
126491752260575232,neutral
126491726276853760,neutral
126491658341715968,neutral
126491610199490560,neutral
126491517924810752,neutral
126491513038442496,neutral
126491459078729728,neutral
126491255436881920,neutral
126491202810953728,neutral
126490806315008000,neutral
126490801982275584,neutral
126490797225934848,neutral
126490763151421440,neutral
126490712299675648,neutral
126490709921497088,neutral
126490662416826368,neutral
126490566837026816,neutral
126490278143082496,neutral
126490265463701504,neutral
126490235877081088,neutral
126490166897541120,neutral
126490158815125504,neutral
126490134869852160,neutral
126490118050684928,neutral
126490034865045504,neutral
126490011901231104,neutral
126489950614073344,neutral
126489908998176768,neutral
126489751325908992,neutral
126489719012990976,neutral
126489665116192768,neutral
126489609889783808,neutral
126489523776536576,neutral
126489506672160768,neutral
126489489328705536,neutral
126489300828307456,neutral
126489263490596864,neutral
126489146029129728,neutral
126489064319881216,neutral
126489048717074432,neutral
126488983164289024,neutral
126488935026266112,neutral
126488912037289984,neutral
126488727315943424,neutral
126488649905864704,neutral
126488582218203136,neutral
126488561888399360,neutral
126488352135450624,neutral
126487924043821056,neutral
126487912433975296,neutral
126487846038147072,neutral
126487807156944896,neutral
126487788433584128,neutral
126487744787660800,neutral
126487541569433600,neutral
126487465203736576,neutral
126487372039847936,neutral
126487167823388672,neutral
126487043462266880,neutral
126486964408033280,neutral
126486941364527104,neutral
126486926827065344,neutral
126486798640754688,neutral
126486616343724032,neutral
126486384902017024,neutral
126486348713570304,neutral
126486111689256960,neutral
126486051530354688,neutral
126485712836112384,neutral
126485684113522688,neutral
126485085942845440,neutral
126484200269426688,neutral
126484162302586880,neutral
126484021369778176,neutral
126484018211454976,neutral
126803641486163968,positive
126792129832951808,positive
126788430679113728,positive
126780006964805632,positive
126779403605770240,positive
126779217911349248,positive
126774092274741248,positive
126768366345138176,positive
126767508253454336,positive
126762337087655936,positive
126755785391869952,positive
126755232393867264,positive
126754593714606080,positive
126754500278104064,positive
126750973329817600,positive
126749591956762624,positive
126748497096622080,positive
126748156003221504,positive
126748155021762560,positive
126748153952206848,positive
126747965393084416,positive
126747962817781760,positive
126747960900984832,positive
126744770713362432,positive
126743288320491520,positive
126742063961214976,positive
126741671965769728,positive
126738939594813440,positive
126736431929507840,positive
126735438948995072,positive
126734527551913984,positive
126732577301217280,positive
126732240368570368,positive
126732148144209920,positive
126731873517965312,positive
126730153454870528,positive
126729713568849920,positive
126725535677157376,positive
126725332031127552,positive
126721324042305536,positive
126716103123673088,positive
126715314007314432,positive
126714241427312640,positive
126709513947594752,positive
126705831126384640,positive
126695555685560320,positive
126693834846515200,positive
126692533869871104,positive
126691809417113600,positive
126689578886246400,positive
126689007512993792,positive
126688284343672832,positive
126685198531297280,positive
126677986522054656,positive
126674853230149632,positive
126670032951443456,positive
126669652469350400,positive
126668529046007808,positive
126665091381854208,positive
126663720075141120,positive
126659125751971840,positive
126658961263951872,positive
126658937155108864,positive
126658528965439488,positive
126650473322262528,positive
126638821948403712,positive
126637126010929152,positive
126633708315873280,positive
126629320948060160,positive
126611718376919040,positive
126610651916410880,positive
126608712407322624,positive
126605340270788608,positive
126603756971360256,positive
126599751402668032,positive
126596256138137600,positive
126583935139454976,positive
126581165636333568,positive
126579574921371648,positive
126578340902617088,positive
126570919513686016,positive
126559269603647488,positive
126555956975910912,positive
126553559847288832,positive
126552645497405440,positive
126532025552347136,positive
126529895923843072,positive
126499160995282944,positive
126494986983325696,positive
126492789939765248,positive
126479912407273472,positive
126802977813037056,negative
126795554079510528,negative
126793207613894656,negative
126790861831938048,negative
126789739180326912,negative
126788223409197056,negative
126786271921184768,negative
126782820709441536,negative
126781543879421952,negative
126778114385772544,negative
126771575772020736,negative
126771575654596608,negative
126771575591665664,negative
126766935634485248,negative
126763744557662208,negative
126763108080427008,negative
126761988608098304,negative
126759080860725248,negative
126758070176059392,negative
126754989409452032,negative
126754753697943552,negative
126753683630333952,negative
126750481069510656,negative
126748219261726720,negative
126748091083788288,negative
126747859960856576,negative
126747247563112448,negative
126746946093330432,negative
126744670465306624,negative
126744386137624576,negative
126744132763910144,negative
126744130784198656,negative
126744129135845376,negative
126743725677346816,negative
126740373883191296,negative
126738867087884288,negative
126730748882460672,negative
126730580934135808,negative
126730265551843328,negative
126727758108823552,negative
126726935572262912,negative
126726458776358912,negative
126724991495569408,negative
126722961381134336,negative
126722095743893504,negative
126720736848117760,negative
126719328035942400,negative
126718833493938176,negative
126716806688804864,negative
126714471543619584,negative
126712110095925248,negative
126705293055889408,negative
126704033779023872,negative
126700315507572736,negative
126700014385897472,negative
126692062757269504,negative
126691815394000896,negative
126690175656001536,negative
126689051960033280,negative
126686283769712640,negative
126686075287642112,negative
126682137972834304,negative
126681641388216320,negative
126681389570596864,negative
126680630087008256,negative
126679134817624064,negative
126677032837971968,negative
126675041353076736,negative
126672651459633152,negative
126671856404144128,negative
126668133405696000,negative
126666768541421568,negative
126666110237032448,negative
126662601139695616,negative
126647829656641536,negative
126647697800310784,negative
126647264943943680,negative
126646630702260224,negative
126645939208327168,negative
126644987474608128,negative
126643061567668224,negative
126642517310570496,negative
126642328466243584,negative
126642036572041216,negative
126640632478445568,negative
126637450008346624,negative
126636886977556480,negative
126636535813636096,negative
126635317108289536,negative
126628406258450432,negative
126622538557177856,negative
126618374972248064,negative
126614764339212288,negative
126603861933817856,negative
126602276872794112,negative
126602276805685248,negative
126599337361932288,negative
126595347198902272,negative
126594799062102016,negative
126586083470360576,negative
126583473929588736,negative
126579470424473600,negative
126579121303207936,negative
126577595553824768,negative
126574432159408128,negative
126573688941318144,negative
126573680665964544,negative
126572762411171840,negative
126572362316513280,negative
126570851389800448,negative
126570732430966784,negative
126570180070481920,negative
126567507350913024,negative
126566106252062720,negative
126565636703924224,negative
126564844211154944,negative
126560723794010112,negative
126558437017530368,negative
126546665342640128,negative
126546043193147392,negative
126543225501650944,negative
126525932625334272,negative
126519630868119552,negative
126518620095393792,negative
126517164416049152,negative
126515911321591808,negative
126513363529383936,negative
126508179281547264,negative
126504435227701248,negative
126488915996721152,negative
126485347935862784,negative
126484955047006208,negative
126809228194217984,neutral
126808500356644864,neutral
126808393892634624,neutral
126805369619087360,neutral
126805239209803776,neutral
126804966491955200,neutral
126804937438003200,neutral
126804497493266432,neutral
126803763603312640,neutral
126803594216341504,neutral
126803513190789120,neutral
126803044426985472,neutral
126802586178293760,neutral
126802366996561920,neutral
126800882477174784,neutral
126800407585501184,neutral
126800313029099520,neutral
126798908335734784,neutral
126798906129526784,neutral
126797598425223168,neutral
126797364823457792,neutral
126797364433387520,neutral
126797363418370048,neutral
126797339758305280,neutral
126797209244151808,neutral
126797207159582720,neutral
126797206232645632,neutral
126796929366638592,neutral
126795614649466880,neutral
126795256225210368,neutral
126795026771607552,neutral
126795013752504320,neutral
126795009986002944,neutral
126794825998663680,neutral
126793516398546944,neutral
126792687138508800,neutral
126792112313352192,neutral
126791726559010816,neutral
126791479925555200,neutral
126790637243740160,neutral
126789918826565632,neutral
126789806905769984,neutral
126789806356303872,neutral
126789710705213440,neutral
126789040015020032,neutral
126788856476471296,neutral
126788488183037952,neutral
126786825913245696,neutral
126786517531242496,neutral
126786021340884992,neutral
126785035599749120,neutral
126784430185521152,neutral
126782184748097536,neutral
126781699811061760,neutral
126781384600727552,neutral
126781241423962112,neutral
126780592036646912,neutral
126779798986047488,neutral
126779783760723968,neutral
126779778090008576,neutral
126779040282587136,neutral
126778210783473664,neutral
126776771159916544,neutral
126775752610942976,neutral
126774185577021440,neutral
126773807875751936,neutral
126773769262997504,neutral
126773680196947968,neutral
126773504644349952,neutral
126773458519605248,neutral
126772660024774656,neutral
126772118879879168,neutral
126771594470232064,neutral
126769762452770816,neutral
126768953027608576,neutral
126768739692720128,neutral
126768259734315008,neutral
126768125386571776,neutral
126768055769513984,neutral
126768000949948416,neutral
126767824386531328,neutral
126767467077976064,neutral
126767049312714752,neutral
126766670109872128,neutral
126766092629712896,neutral
126765064299614208,neutral
126764662510452736,neutral
126764604218028032,neutral
126762652402860032,neutral
126762576557248512,neutral
126761994098442240,neutral
126761880801910784,neutral
126761759041265664,neutral
126761312016547840,neutral
126761103677071360,neutral
126761034341040128,neutral
126758826337771520,neutral
126758715981434880,neutral
126756834257285120,neutral
126755580604981248,neutral
126755433108082688,neutral
126755073664618496,neutral
126754216160145408,neutral
126753468160540672,neutral
126752950654746624,neutral
126752714385391616,neutral
126752712300826624,neutral
126752262281371648,neutral
126751213692792832,neutral
126751180557778944,neutral
126750292212584448,neutral
126749618229878784,neutral
126749567428468736,neutral
126749486545506304,neutral
126749360745758720,neutral
126749318198730752,neutral
126748764869378048,neutral
126748146582818816,neutral
126747712082292736,neutral
126747117120274432,neutral
126746786806247424,neutral
126746562062848000,neutral
126746140791144448,neutral
126745920967680000,neutral
126745707414691840,neutral
126745457232846848,neutral
126745293378166784,neutral
126745275686600704,neutral
126745248121618432,neutral
126744229912379392,neutral
126743926903283712,neutral
126743901968150528,neutral
126743843348561920,neutral
126743100809945088,neutral
126743096896655360,neutral
126742966890004480,neutral
126742062635810816,neutral
126741965915168768,neutral
126741817365504000,neutral
126741679024783360,neutral
126741473726177280,neutral
126740991087611904,neutral
126740408926609408,neutral
126740066138722304,neutral
126739377232687104,neutral
126737802657402880,neutral
126737400658538496,neutral
126737368001683456,neutral
126737116049833984,neutral
126736393987817472,neutral
126735639508037632,neutral
126735624299487232,neutral
126735411811848192,neutral
126735013667545088,neutral
126734632120102912,neutral
126734120058490880,neutral
126733687944515584,neutral
126733589328048128,neutral
126733404870942720,neutral
126732739083898880,neutral
126732384602296320,neutral
126732343254851584,neutral
126732316000264192,neutral
126731883659804672,neutral
126731759646810112,neutral
126729624217600000,neutral
126729179994656768,neutral
126728328358014976,neutral
126728277896347648,neutral
126727087770963968,neutral
126726863811903488,neutral
126726826923012096,neutral
126726199123771392,neutral
126725918629695488,neutral
126725691059351552,neutral
126725006729281536,neutral
126724433791549440,neutral
126724174378045440,neutral
126723741651714048,neutral
126723269326938112,neutral
126723018989907968,neutral
126722729444515840,neutral
126722549584379904,neutral
126722463265599488,neutral
126722284776980480,neutral
126722253579763712,neutral
126722158394228736,neutral
126722000549974016,neutral
126721061797629952,neutral
126720971515248640,neutral
126719738293391360,neutral
126718237252648960,neutral
126717789829472256,neutral
126717208557649920,neutral
126716851706277888,neutral
126716781510410240,neutral
126716221575004160,neutral
126715906096238592,neutral
126714453105446912,neutral
126713704099221504,neutral
126713363689517056,neutral
126713356739547136,neutral
126713203240607744,neutral
126712975309537280,neutral
126711721376235520,neutral
126710782615494656,neutral
126710485604237312,neutral
126709729924874240,neutral
126709714565349376,neutral
126708211108683776,neutral
126708014081257472,neutral
126707947744145408,neutral
126707946955616256,neutral
126707601504346112,neutral
126707418536218624,neutral
126707389142544384,neutral
126706701968736256,neutral
126706701306052608,neutral
126706255413772288,neutral
126705857206562816,neutral
126705440640860160,neutral
126705187942449152,neutral
126705130681794560,neutral
126704776506380288,neutral
126704323542523904,neutral
126704037738459136,neutral
126703842732683264,neutral
126703823837335552,neutral
126703372207271936,neutral
126702051001516032,neutral
126701413907701760,neutral
126701318978019328,neutral
126701312447496192,neutral
126701230331412480,neutral
126700724389281792,neutral
126700451163942912,neutral
126699934694129664,neutral
126699730028855296,neutral
126699437711040512,neutral
126699406765465600,neutral
126699405356171264,neutral
126699162879275008,neutral
126698863447916544,neutral
126698757503991808,neutral
126698756845481984,neutral
126698755884978176,neutral
126698717930717184,neutral
126698707252027392,neutral
126698704290852864,neutral
126698703410040832,neutral
126698504910413824,neutral
126698182141947904,neutral
126697870689710080,neutral
126697419953012736,neutral
126697038187474944,neutral
126696856959983616,neutral
126696843299135488,neutral
126696759077511168,neutral
126696757294927872,neutral
126696688046968832,neutral
126696671894704128,neutral
126696627955171328,neutral
126696501849227264,neutral
126696344881594368,neutral
126695550975356928,neutral
126695264487604224,neutral
126694893841158144,neutral
126694267560271872,neutral
126693945123147776,neutral
126693187346632704,neutral
126693021365452800,neutral
126692888741548032,neutral
126692854981595136,neutral
126692811859963904,neutral
126692357277102080,neutral
126691842736668672,neutral
126691830774505472,neutral
126691604839927808,neutral
126691578361298944,neutral
126691206976643072,neutral
126691146209558528,neutral
126691006207893504,neutral
126690823306870784,neutral
126690446872297472,neutral
126690445119070208,neutral
126690443588153344,neutral
126690396720988160,neutral
126690392568639488,neutral
126690357042884608,neutral
126690074946568192,neutral
126689592832294912,neutral
126689002114924544,neutral
126688055691190272,neutral
126687847762771968,neutral
126686806585520128,neutral
126686450019344384,neutral
126686367479631872,neutral
126686111656448000,neutral
126686012884787200,neutral
126685318899449856,neutral
126685194278289408,neutral
126685077823422464,neutral
126684141306650624,neutral
126683940764401664,neutral
126683909722357760,neutral
126683288239751168,neutral
126683225123852288,neutral
126681783222808576,neutral
126680710403719168,neutral
126680178196877312,neutral
126680085959942144,neutral
126679050742800384,neutral
126678934237626368,neutral
126678725491294208,neutral
126678690334638080,neutral
126678683393081344,neutral
126678622449831936,neutral
126678454639927296,neutral
126677913058820096,neutral
126677721647554560,neutral
126677403480231936,neutral
126676455936622592,neutral
126676302873899008,neutral
126675994378637312,neutral
126675231896117248,neutral
126674948671545344,neutral
126674919969923072,neutral
126674748674547712,neutral
126673949907107840,neutral
126673753680773120,neutral
126673364231270400,neutral
126672797731790848,neutral
126671949320556544,neutral
126671882211692544,neutral
126671654540677120,neutral
126671006302617600,neutral
126669870090829824,neutral
126669451369263104,neutral
126668947503325184,neutral
126668764199665664,neutral
126668119354781696,neutral
126667815116750848,neutral
126667274080894976,neutral
126666679785766912,neutral
126666425715798016,neutral
126665951172243456,neutral
126665581519835136,neutral
126664658651332608,neutral
126664524156764160,neutral
126664410029764608,neutral
126664404891746304,neutral
126663746767699968,neutral
126662968434900992,neutral
126662905084129280,neutral
126661971566264320,neutral
126660704496402432,neutral
126659682076082176,neutral
126659577033928704,neutral
126659465985536000,neutral
126659266315698176,neutral
126658871363239936,neutral
126658110084489216,neutral
126657343965507584,neutral
126656580715429888,neutral
126656236157538304,neutral
126656052971323392,neutral
126655887740903424,neutral
126655887178870784,neutral
126655373015924736,neutral
126654466735878144,neutral
126653861371973632,neutral
126653619327082496,neutral
126653015754149888,neutral
126652714804461568,neutral
126652661251571712,neutral
126652256404779008,neutral
126651931287498752,neutral
126651497718095872,neutral
126651446589526016,neutral
126651412443693056,neutral
126651402549346304,neutral
126651401010028544,neutral
126651399730769920,neutral
126651360602112000,neutral
126650859290501120,neutral
126650839279476736,neutral
126650651370467328,neutral
126649108202143744,neutral
126647567877541888,neutral
126647558469722112,neutral
126646015863427072,neutral
126645991947513856,neutral
126645459568705536,neutral
126644332177530880,neutral
126644191299252224,neutral
126643947190759424,neutral
126642779064504320,neutral
126642612412227584,neutral
126642611598540800,neutral
126642532863049728,neutral
126642137424076800,neutral
126641727254695936,neutral
126641223229386752,neutral
126640775730700288,neutral
126640203828969472,neutral
126638865971806208,neutral
126638751307931648,neutral
126638261421613056,neutral
126637865550618624,neutral
126637677335429120,neutral
126637437953900544,neutral
126637411114553344,neutral
126636379479343104,neutral
126636379324170240,neutral
126636194653147136,neutral
126635954520854528,neutral
126635633245564928,neutral
126635573921316864,neutral
126635080100757504,neutral
126635053139763200,neutral
126634784326828032,neutral
126634780954595328,neutral
126634396773130240,neutral
126632917643427840,neutral
126632860386988032,neutral
126632280985845760,neutral
126631882149474304,neutral
126631805288849408,neutral
126631188394811392,neutral
126631077468049408,neutral
126630800413310976,neutral
126630728690704384,neutral
126628957566156800,neutral
126628527155052544,neutral
126626502937812992,neutral
126626166261022720,neutral
126625578567729152,neutral
126625418118832128,neutral
126625193786490880,neutral
126622411587190784,neutral
126622356817981440,neutral
126622297917374464,neutral
126621573271650304,neutral
126621144177577984,neutral
126621142743138304,neutral
126619580096462848,neutral
126619293977812992,neutral
126619258099744768,neutral
126619256015167488,neutral
126617626435780608,neutral
126617142761230336,neutral
126616809079193600,neutral
126616636621996032,neutral
126615565673570304,neutral
126615350916816896,neutral
126614792092909568,neutral
126614365280542720,neutral
126614116927422464,neutral
126614037608935424,neutral
126613919623159808,neutral
126613753499353088,neutral
126613640278315008,neutral
126613630551719936,neutral
126613275331919872,neutral
126611886979555328,neutral
126611785666134016,neutral
126611604925194240,neutral
126611557370183680,neutral
126611372552355840,neutral
126610800382181376,neutral
126610131671715840,neutral
126610091855192064,neutral
126610035655704576,neutral
126609904298491904,neutral
126609815278592000,neutral
126608763456200704,neutral
126607853640364032,neutral
126607793280126976,neutral
126607106953580544,neutral
126606671874228224,neutral
126606546556829696,neutral
126606023174791168,neutral
126604925881954304,neutral
126604903408869376,neutral
126604828150480896,neutral
126604631894790144,neutral
126604425832837120,neutral
126604425635692544,neutral
126604152536178688,neutral
126602212511203328,neutral
126601735417499648,neutral
126600989150158848,neutral
126600074825445376,neutral
126599980847869952,neutral
126599671400497152,neutral
126599087389806592,neutral
126598871760642048,neutral
126598867847348224,neutral
126598515248992256,neutral
126597883477762048,neutral
126597538794057728,neutral
126596825875611648,neutral
126596045575684096,neutral
126595447455367168,neutral
126595014846459904,neutral
126593877321842688,neutral
126593450253623296,neutral
126592300070608896,neutral
126592158802264064,neutral
126592000395984896,neutral
126591072884359168,neutral
126591029993406464,neutral
126590959290032128,neutral
126590231137886208,neutral
126588750628257792,neutral
126588693577338880,neutral
126588643782574080,neutral
126588145549574144,neutral
126586994536091648,neutral
126586306464727040,neutral
126585952394166272,neutral
126585097297199104,neutral
126584640453611520,neutral
126583805229285376,neutral
126582210420674560,neutral
126582173787619328,neutral
126581768529788928,neutral
126581659612094464,neutral
126581308158779392,neutral
126581270435201024,neutral
126580539636449280,neutral
126580273965047808,neutral
126580014819983360,neutral
126579602524082176,neutral
126579169646751744,neutral
126579166589108224,neutral
126577845421096960,neutral
126577204078456832,neutral
126577114005782528,neutral
126577085081849856,neutral
126576350067818496,neutral
126576121784442880,neutral
126573645421228032,neutral
126573265178202112,neutral
126573186774089728,neutral
126572513483436032,neutral
126572384126894080,neutral
126572306230288384,neutral
126572275876106240,neutral
126572275016286208,neutral
126570339105914880,neutral
126569564963217408,neutral
126569115082166272,neutral
126568785921572864,neutral
126568308584628224,neutral
126568122261061632,neutral
126567546165014528,neutral
126566918911041536,neutral
126566540010192896,neutral
126566417276469248,neutral
126566305716387840,neutral
126565140702298112,neutral
126564015873867776,neutral
126564004612161536,neutral
126563375189725184,neutral
126563374384422912,neutral
126563373230997504,neutral
126563286392123392,neutral
126562736242040832,neutral
126562457375350784,neutral
126561633978945536,neutral
126561530258001920,neutral
126561428319649792,neutral
126559900036894720,neutral
126559880860545024,neutral
126557628531875840,neutral
126557171742810112,neutral
126555866332798976,neutral
126554531713650688,neutral
126553189511208960,neutral
126552864876269568,neutral
126552665063829504,neutral
126549688857010176,neutral
126548837958557696,neutral
126545396913815552,neutral
126542911654477824,neutral
126541046615244800,neutral
126538706944401408,neutral
126537896999124992,neutral
126536228538564608,neutral
126536172867559424,neutral
126535951764819968,neutral
126534265205829632,neutral
126534195777519616,neutral
126532191831343104,neutral
126528995394199552,neutral
126528296354725888,neutral
126528197750829056,neutral
126526992609849344,neutral
126525976925585408,neutral
126524240324337664,neutral
126523034906529792,neutral
126522766261366784,neutral
126522655892447232,neutral
126519858035822592,neutral
126519595682119680,neutral
126514963924787200,neutral
126514187647201280,neutral
126508567053340672,neutral
126508512930050048,neutral
126507878382174208,neutral
126507753484193792,neutral
126507677919617024,neutral
126507292777652224,neutral
126506577946615808,neutral
126500912578564096,neutral
126500486047207424,neutral
126500411522809856,neutral
126499066229170176,neutral
126498215204892672,neutral
126496197220380672,neutral
126494059987603456,neutral
126493220279558144,neutral
126488619002236928,neutral
126487011849809920,neutral
126485244651126784,neutral
126484490049687552,neutral
126483887923793920,neutral
126483490911952896,neutral
126483128163373056,neutral
126482131412189184,neutral
126481856639143936,neutral
126481810803793920,neutral
126481496147111936,neutral
126480696075227136,neutral
126479554217910272,neutral
126479285702762496,neutral
126476071238508544,neutral
126474577411969024,neutral
126470128589217792,neutral
126467278144413696,neutral
126883590041640960,positive
126883448173510656,positive
126883416280006656,positive
126883364887203840,positive
126883290782244864,positive
126883211006590976,positive
126883187300384768,positive
126882971411165184,positive
126882662932692992,positive
126881835463614464,positive
126881080178507776,positive
126880912754475008,positive
126880559162077184,positive
126880385605976064,positive
126879785908580352,positive
126879662851887104,positive
126878670685085696,positive
126877750131818496,positive
126877362632667136,positive
126877263311536128,positive
126877209813188608,positive
126877171926040576,positive
126877056578486272,positive
126876600083025920,positive
126876125107462144,positive
126876107881455616,positive
126875441217798144,positive
126875378013843456,positive
126874748469788672,positive
126874346873556992,positive
126873707066048512,positive
126873518385274880,positive
126873128348561408,positive
126872791197814784,positive
126872175490764800,positive
126870551032643584,positive
126870402751397888,positive
126869964144644096,positive
126869134238679040,positive
126868475892338688,positive
126868330098331648,positive
126867350476697600,positive
126865422174785536,positive
126864056366804992,positive
126863821594832896,positive
126863766334873600,positive
126862820578050048,positive
126862735953768448,positive
126862443275235328,positive
126862309497905152,positive
126862124201947136,positive
126861364227608576,positive
126860944352612352,positive
126860415085973504,positive
126860046981279744,positive
126859858443112448,positive
126859371094360064,positive
126858606695030784,positive
126858477942476800,positive
126858393909608448,positive
126857095088840704,positive
126857082199744512,positive
126883562652844032,negative
126883300227817472,negative
126882964582838272,negative
126882934568390656,negative
126882761733705728,negative
126881698783834112,negative
126881658854064128,negative
126881376074076160,negative
126881010301419520,negative
126880978185625600,negative
126880813991202816,negative
126879988602519552,negative
126879964619485184,negative
126878518310223872,negative
126878448575717376,negative
126877484271665152,negative
126877335399051264,negative
126877245347348480,negative
126877135926337536,negative
126876956443688960,negative
126876682207502336,negative
126876493153452032,negative
126876140269862912,negative
126876046028050432,negative
126875653210521600,negative
126874389210861568,negative
126873912624693248,negative
126873860745330688,negative
126872492118769664,negative
126872316142559232,negative
126872265328562176,negative
126871878886363136,negative
126871286545788928,negative
126870923591692288,negative
126870920018137088,negative
126870745258266624,negative
126870358816067584,negative
126870162510057472,negative
126869855621218304,negative
126869842769870848,negative
126869706639544320,negative
126869466054275072,negative
126869063023607808,negative
126869039233511424,negative
126868993263943680,negative
126868622026080256,negative
126868404182319104,negative
126867983455879168,negative
126867876115259392,negative
126867543955738624,negative
126867446220062720,negative
126866560756363264,negative
126866003094290432,negative
126865431142219776,negative
126864648577351680,negative
126864610446942208,negative
126864575508381696,negative
126864510194683904,negative
126864059206336512,negative
126862065649459200,negative
126861410864087040,negative
126861382078578688,negative
126861309185761280,negative
126861228797722624,negative
126859898897174528,negative
126858852976181248,negative
126858607789740032,negative
126883719368818688,neutral
126883711131201536,neutral
126883672682004480,neutral
126883640671076352,neutral
126883630369882112,neutral
126883597239066624,neutral
126883517706674176,neutral
126883457614884864,neutral
126883452820783104,neutral
126883438954422272,neutral
126883335875203072,neutral
126883224587739136,neutral
126883185396170752,neutral
126883158942695424,neutral
126883124595527680,neutral
126882970811379712,neutral
126882885553758208,neutral
126882832319651840,neutral
126882800585539584,neutral
126882730154803200,neutral
126882726061146112,neutral
126882653893967872,neutral
126882617843924992,neutral
126882559522111488,neutral
126882542610690048,neutral
126882493059170304,neutral
126882453943103488,neutral
126882427661582336,neutral
126882349588815872,neutral
126882248644493312,neutral
126882244982878208,neutral
126882193967550464,neutral
126882122077184000,neutral
126882090343079936,neutral
126882054259474432,neutral
126881996629753856,neutral
126881960416120832,neutral
126881887049351168,neutral
126881736364785664,neutral
126881682266652672,neutral
126881626583076864,neutral
126881596086288384,neutral
126881589606105088,neutral
126881580521234432,neutral
126881523755528192,neutral
126881380503273472,neutral
126881317894893568,neutral
126881309015539712,neutral
126881203642040320,neutral
126881167541665792,neutral
126881136398962688,neutral
126881090446163968,neutral
126881073366958080,neutral
126881072167399424,neutral
126880978273697792,neutral
126880926268526592,neutral
126880883822166016,neutral
126880854361391104,neutral
126880672190185472,neutral
126880656352481280,neutral
126880621170659328,neutral
126880571233280000,neutral
126880481361920000,neutral
126880429256093696,neutral
126880399912742912,neutral
126880329913995264,neutral
126880253145657344,neutral
126880223433195520,neutral
126880178705141760,neutral
126880108718989312,neutral
126880102226206720,neutral
126880068252336128,neutral
126880036488880128,neutral
126880035507412992,neutral
126880030486822912,neutral
126880007741128704,neutral
126879867731062784,neutral
126879759866142720,neutral
126879759316697088,neutral
126879729189011456,neutral
126879677737480192,neutral
126879608120418304,neutral
126879548687130624,neutral
126879506521792512,neutral
126879491124506624,neutral
126879484736585728,neutral
126879463450488832,neutral
126879462041206784,neutral
126879413013987328,neutral
126879328712658944,neutral
126879257975734272,neutral
126879221724356608,neutral
126879149003509760,neutral
126879122298372096,neutral
126879106347433984,neutral
126879073220829184,neutral
126879068800024576,neutral
126879028706672640,neutral
126879022188724224,neutral
126878948561924096,neutral
126878824574095360,neutral
126878811009728512,neutral
126878688682835968,neutral
126878622509309952,neutral
126878620953231360,neutral
126878545338310656,neutral
126878539487252480,neutral
126878426312351744,neutral
126878409023426560,neutral
126878311497474048,neutral
126878176063389696,neutral
126878062846554112,neutral
126878058278952960,neutral
126877998115852288,neutral
126877997717405696,neutral
126877971637211136,neutral
126877965064740864,neutral
126877936514105344,neutral
126877900610875392,neutral
126877729856557056,neutral
126877666040225792,neutral
126877629600108544,neutral
126877612214726656,neutral
126877585488609280,neutral
126877557550354432,neutral
126877527674322944,neutral
126877467507040256,neutral
126877420178522112,neutral
126877416630136832,neutral
126877186689998848,neutral
126877128204627968,neutral
126877032704507904,neutral
126876948206075904,neutral
126876905696796672,neutral
126876843272974336,neutral
126876834548822016,neutral
126876823723315200,neutral
126876778806509568,neutral
126876760062181376,neutral
126876750788567040,neutral
126876736137871360,neutral
126876733877133312,neutral
126876684925415424,neutral
126876682928926720,neutral
126876593531518976,neutral
126876559977095168,neutral
126876501755957248,neutral
126876490364223488,neutral
126876467631104000,neutral
126876452762296320,neutral
126876394339831808,neutral
126876099786444800,neutral
126876078592638976,neutral
126876009797656576,neutral
126876004730933248,neutral
126875958929145856,neutral
126875958694260736,neutral
126875943284379648,neutral
126875894177480704,neutral
126875887093293056,neutral
126875872165769216,neutral
126875805505691648,neutral
126875787818319872,neutral
126875761469689856,neutral
126875734005399552,neutral
126875692855078912,neutral
126875612341207040,neutral
126875579172663296,neutral
126875562663874560,neutral
126875457265205248,neutral
126875416760815616,neutral
126875301157404672,neutral
126875280018112512,neutral
126875274901065728,neutral
126875267674284032,neutral
126875204772311040,neutral
126875183725297664,neutral
126875160623058944,neutral
126875159800987648,neutral
126875080084033536,neutral
126874943341330432,neutral
126874922017488896,neutral
126874909933711360,neutral
126874886378496000,neutral
126874883207610368,neutral
126874847614734336,neutral
126874811296251904,neutral
126874799099219968,neutral
126874783756455936,neutral
126874662268452864,neutral
126874568655777792,neutral
126874543770976256,neutral
126874532555399168,neutral
126874503455318016,neutral
126874467824697344,neutral
126874421829971968,neutral
126874384139948032,neutral
126874374077816832,neutral
126874332176711680,neutral
126874244629016576,neutral
126874228296396800,neutral
126874200253276160,neutral
126874174722539520,neutral
126874159606267904,neutral
126874138836074496,neutral
126874058062184448,neutral
126874038164393984,neutral
126873977284079616,neutral
126873903552405504,neutral
126873883172274176,neutral
126873866575425536,neutral
126873786715873280,neutral
126873686987902976,neutral
126873680654516224,neutral
126873665601146880,neutral
126873546017357824,neutral
126873484746952704,neutral
126873420192423936,neutral
126873418846044160,neutral
126873366304010240,neutral
126873364173299712,neutral
126873323014590464,neutral
126873153015263232,neutral
126873062439260160,neutral
126873003920330752,neutral
126873001198239744,neutral
126872982315474944,neutral
126872958068207616,neutral
126872890007236608,neutral
126872886748266496,neutral
126872872294694912,neutral
126872871254491136,neutral
126872821375827968,neutral
126872777130123264,neutral
126872773925679104,neutral
126872528235921408,neutral
126872511492263936,neutral
126872465635938304,neutral
126872432517709824,neutral
126872371901640704,neutral
126872357099945984,neutral
126872338158452736,neutral
126872320043257856,neutral
126872299709280256,neutral
126872290968338432,neutral
126872267257950208,neutral
126872221292576768,neutral
126872201663229952,neutral
126872199838699520,neutral
126872156763201536,neutral
126872143081390080,neutral
126872051242893312,neutral
126872004652580864,neutral
126871971827953664,neutral
126871955419836416,neutral
126871924059013120,neutral
126871857277308928,neutral
126871758757306368,neutral
126871669871620096,neutral
126871663299137536,neutral
126871626133417984,neutral
126871606952853504,neutral
126871562707144704,neutral
126871562098982912,neutral
126871520785072128,neutral
126871511326924800,neutral
126871458998788096,neutral
126871458726162432,neutral
126871437322629120,neutral
126871372164120576,neutral
126871299741069312,neutral
126871291998371840,neutral
126871201778905088,neutral
126871143431938048,neutral
126871134439346176,neutral
126871086863355904,neutral
126871066760065024,neutral
126871041225134080,neutral
126871013937000448,neutral
126871003132465152,neutral
126870943489466368,neutral
126870941992091648,neutral
126870940570226688,neutral
126870931040768000,neutral
126870815877771264,neutral
126870807191363584,neutral
126870792960086016,neutral
126870788564467712,neutral
126870756926816256,neutral
126870706943295488,neutral
126870699108339712,neutral
126870651112927232,neutral
126870623086592000,neutral
126870593764208640,neutral
126870454299398144,neutral
126870356563722240,neutral
126870255703306240,neutral
126870119363260416,neutral
126870091341115392,neutral
126869939536674816,neutral
126869876588552192,neutral
126869850751631360,neutral
126869816584839168,neutral
126869769608642560,neutral
126869765049434112,neutral
126869751476654080,neutral
126869749098487808,neutral
126869742068842496,neutral
126869644534489088,neutral
126869604348862464,neutral
126869604214652928,neutral
126869575202643968,neutral
126869488007262208,neutral
126869448069095424,neutral
126869378452037632,neutral
126869302887464960,neutral
126869296994451456,neutral
126869175053467648,neutral
126868990730575872,neutral
126868950637219840,neutral
126868911361757184,neutral
126868888074989568,neutral
126868868512743424,neutral
126868831493820416,neutral
126868783431303168,neutral
126868754033426432,neutral
126868751533617152,neutral
126868627109584896,neutral
126868570226425856,neutral
126868533991849984,neutral
126868465377226752,neutral
126868429864046592,neutral
126868429796933632,neutral
126868397282689024,neutral
126868239203573760,neutral
126868233084080128,neutral
126868090687459328,neutral
126868017106780160,neutral
126868008902737920,neutral
126867948471189504,neutral
126867947418427392,neutral
126867879382614016,neutral
126867786680111104,neutral
126867774738927616,neutral
126867767914799104,neutral
126867760964841472,neutral
126867711807598592,neutral
126867680966881280,neutral
126867577925406720,neutral
126867506127310848,neutral
126867487659786240,neutral
126867439177842688,neutral
126867400250490880,neutral
126867371364319232,neutral
126867320005066752,neutral
126867304549072896,neutral
126867275113447424,neutral
126867260106227712,neutral
126867201776037888,neutral
126867198642884608,neutral
126867164253798400,neutral
126867147673714688,neutral
126867119592837120,neutral
126867067776405504,neutral
126867012336095232,neutral
126866981377941504,neutral
126866968912478208,neutral
126866968753086464,neutral
126866861521502208,neutral
126866854240202752,neutral
126866804575440896,neutral
126866628859281408,neutral
126866575700664320,neutral
126866562111123456,neutral
126866557325426688,neutral
126866520486846464,neutral
126866446323171328,neutral
126866438517567488,neutral
126866422012981248,neutral
126866421719384064,neutral
126866413053939712,neutral
126866411275554816,neutral
126866376899035136,neutral
126866353561927680,neutral
126866303138013184,neutral
126866277213016064,neutral
126866187790450688,neutral
126866177778655232,neutral
126866083708801024,neutral
126866034048241664,neutral
126865968021516288,neutral
126865954645884928,neutral
126865903521505280,neutral
126865888724004864,neutral
126865881069391872,neutral
126865879848853504,neutral
126865837800951808,neutral
126865802434580480,neutral
126865779349127168,neutral
126865691923062784,neutral
126865511878361088,neutral
126865453221027840,neutral
126865436590604288,neutral
126865419830177792,neutral
126865247465254912,neutral
126865215915687936,neutral
126865145812107264,neutral
126865121938116608,neutral
126865091026100224,neutral
126865038479867904,neutral
126865005009309696,neutral
126864987078660096,neutral
126864979432456192,neutral
126864974097293312,neutral
126864886402777088,neutral
126864870032408576,neutral
126864861576704000,neutral
126864793373122560,neutral
126864745587412992,neutral
126864657817407488,neutral
126864641174417408,neutral
126864610958647296,neutral
126864491890749440,neutral
126864475247742976,neutral
126864423037046784,neutral
126864404196241408,neutral
126864301293182976,neutral
126864271501041664,neutral
126864244716208128,neutral
126864237200023552,neutral
126864231718076416,neutral
126864167343894528,neutral
126864141561507840,neutral
126864136226357248,neutral
126864131289661440,neutral
126864105347878912,neutral
126864096388849664,neutral
126864070249947136,neutral
126864043154751488,neutral
126864007784185856,neutral
126863975223795712,neutral
126863972778508288,neutral
126863957767110656,neutral
126863949584023552,neutral
126863942634057728,neutral
126863921465393152,neutral
126863918646820864,neutral
126863876066254848,neutral
126863870689165312,neutral
126863814619709440,neutral
126863776476708864,neutral
126863772877996032,neutral
126863571912114176,neutral
126863525481156608,neutral
126863470397366272,neutral
126863457642483712,neutral
126863409680625664,neutral
126863392764989440,neutral
126863275450310656,neutral
126863240041996288,neutral
126863216046374912,neutral
126863212762247168,neutral
126863190691811328,neutral
126863104280760320,neutral
126863072269840384,neutral
126863060794224640,neutral
126862999720951808,neutral
126862947346694144,neutral
126862939159412736,neutral
126862902325022720,neutral
126862899804246016,neutral
126862897639993344,neutral
126862892128677888,neutral
126862842052874240,neutral
126862821635002368,neutral
126862767520096256,neutral
126862734863241216,neutral
126862728181714944,neutral
126862726311059456,neutral
126862714957078528,neutral
126862636922044416,neutral
126862618836221952,neutral
126862573697114112,neutral
126862552025137152,neutral
126862547214286848,neutral
126862517216612352,neutral
126862494437351424,neutral
126862407309082624,neutral
126862391924375552,neutral
126862244427468800,neutral
126862244075151360,neutral
126862170502860800,neutral
126862130136879104,neutral
126862039225352192,neutral
126862030979334144,neutral
126862000981671936,neutral
126861997127110656,neutral
126861952369700864,neutral
126861941372239872,neutral
126861916286103552,neutral
126861895436206080,neutral
126861880194109440,neutral
126861879598530560,neutral
126861823797493760,neutral
126861820169437184,neutral
126861776133431296,neutral
126861734144245760,neutral
126861715752222720,neutral
126861701168631808,neutral
126861637931118592,neutral
126861630695940096,neutral
126861453209767936,neutral
126861421408567296,neutral
126861418078277632,neutral
126861321995173888,neutral
126861285307584512,neutral
126861195058757632,neutral
126861181108498432,neutral
126861149726715904,neutral
126861036803473408,neutral
126861011813810176,neutral
126860964992794624,neutral
126860933988483072,neutral
126860932881186816,neutral
126860898567589888,neutral
126860835560755200,neutral
126860802392195072,neutral
126860800978722816,neutral
126860744913469440,neutral
126860714118885376,neutral
126860700915208192,neutral
126860691255721984,neutral
126860597013917696,neutral
126860563740495872,neutral
126860527497515008,neutral
126860492261167104,neutral
126860373117775872,neutral
126860341941518336,neutral
126860267178049536,neutral
126860173053669376,neutral
126860038525562880,neutral
126859978941276160,neutral
126859887404777472,neutral
126859856782163968,neutral
126859833088552960,neutral
126859789883015168,neutral
126859782601703424,neutral
126859745154957312,neutral
126859710740701184,neutral
126859623671152640,neutral
126859623532732416,neutral
126859604985511936,neutral
126859530305929216,neutral
126859485322035200,neutral
126859432511537152,neutral
126859340622725120,neutral
126859326294999040,neutral
126859246213136384,neutral
126859124016300032,neutral
126859115657043968,neutral
126859053757501440,neutral
126859044756520960,neutral
126858999512580096,neutral
126858961159864320,neutral
126858958894931968,neutral
126858953673027584,neutral
126858718762639360,neutral
126858698520932352,neutral
126858281867149312,neutral
126858276339056640,neutral
126858233032871936,neutral
126858194046816256,neutral
126858149859831808,neutral
126857916631355392,neutral
126857676134166528,neutral
126857475034071040,neutral
126857044677505024,neutral
126856873738633216,neutral
126856848778342400,neutral
126856541453291520,neutral
126856421907243008,neutral
126856387211960320,neutral
126856150980374528,neutral
126856031367204864,neutral
126855856414404608,neutral
126855838047547392,neutral
126855191571070976,neutral
126854358817181696,neutral
126853667738497024,neutral
126853298996252672,neutral
